<?xml version="1.0"?>
<properties>
	<Files>true</Files>
	<Properties>true</Properties>
	<RecentChanges>true</RecentChanges>
	<Refactor>true</Refactor>
	<Search>true</Search>
	<Test/>
	<Versions>true</Versions>
	<WhereUsed>true</WhereUsed>
	<WikiImport>
		<Source>http://scuff.ddtc.cmgdigital.com:8181/CmgTestSuite.MedleyClarkSuite.RegressionSuiteTestEnviroment.AddAndVerifyAstory.SubmitNewsStoryToClarksCars</Source>
		<LastRemoteModification>20110615104239</LastRemoteModification>
	</WikiImport>
</properties>
